aminoaci;codon;CP genome;MT genome;Nuclear genome;PHE Genes;Imprinted;Variation MEG;Variation PEG;Score MEG;Score PEG
Ala;GCA;0.924057;0.956196;0.977693;0.965759;PEG;Overused;Underused;0.2897277;0.14486385
Glu;GAA;1.501542;1.667856;1.379294;1.363214;PEG;Overused;Underused;0.69523914;0.58618202
Ser;AGC;0.554621;1.050798;1.191272;0.949226;PEG;Overused;Underused;0.07593808;0.06644582
Arg;CGA;1.283031;1.098178;0.785128;0.515815;PEG;Overused;Underused;0.07737225;0.0412652
Leu;UUG;1.459008;1.218262;1.677031;1.828657;PEG;Overused;Overused;0.42059111;0.29258512
Asn;AAU;1.042164;0.929833;0.754519;0.393298;PEG;Overused;Overused;0.2163139;0.1769841
Ala;GCC;1.068317;1.015433;0.69599;0.821385;PEG;Overused;Overused;0.10678005;0.1807047
Leu;CUC;0.947252;1.11581;1.490388;1.778466;PEG;Overused;Overused;0.39126252;0.46240116
Ala;GCG;0.633739;0.6198;0.527703;0.334181;PEG;Overused;Overused;0.05681077;0.07686163
Val;GUU;0.657571;0.659398;0.933754;1.208662;PEG;Overused;Overused;0.38677184;0.59224438
Arg;CGU;1.135756;0.742584;0.820779;1.376508;PEG;Overused;Overused;0.30283176;0.4129524
Asn;AAC;0.904617;0.881605;1.164078;1.109241;PEG;Overused;Overused;0.49915845;0.61008255
Glu;GAG;0.907668;1.278562;1.397898;1.38124;PEG;Overused;Overused;0.6768076;0.7873068
Thr;ACA;0.793609;0.828891;0.960773;0.883517;None;equallyused;equallyused;0.30039578;0.21204408
Arg;CGG;1.120378;1.005459;0.622907;0.173957;None;equallyused;equallyused;0.01565613;0.01043742
Leu;CUG;0.633064;0.892686;0.803556;0.490864;None;equallyused;equallyused;0.0736296;0.03926912
Arg;CGC;0.929904;0.773274;0.593302;0.483748;None;equallyused;equallyused;0.05804976;0.02902488
Phe;UUC;1.53997;1.704901;1.857261;2.556277;None;equallyused;equallyused;1.22701296;1.04807357
Ser;UCG;0.817047;0.915688;0.908629;0.641353;None;equallyused;equallyused;0.09620295;0.0641353
Gln;CAG;0.843424;1.037337;1.114674;1.24047;None;equallyused;equallyused;0.4465692;0.4465692
Lys;AAA;1.387184;1.427459;1.386644;1.296746;None;equallyused;equallyused;0.68727538;0.63540554
Ala;GCU;1.278889;1.181231;1.175584;1.84292;None;equallyused;equallyused;0.737168;0.7187388
Gly;GGC;1.214503;0.944487;0.844881;0.556763;None;equallyused;equallyused;0.07237919;0.08908208
Pro;CCA;0.921901;1.153069;1.487962;2.096139;None;equallyused;equallyused;0.52403475;0.64980309
His;CAU;0.740304;0.914712;0.73468;0.544987;None;equallyused;equallyused;0.35969142;0.31064259
Gly;GGG;1.827965;1.327694;0.804863;0.489334;None;equallyused;equallyused;0.0734001;0.08808012
Ser;AGU;0.828491;0.854586;0.846464;0.537035;None;equallyused;equallyused;0.0644442;0.09129595
Cys;UGC;0.477558;0.85503;1.120411;1.100364;None;equallyused;equallyused;0.36312012;0.41813832
Arg;AGG;0.560481;1.134779;0.929007;1.144426;None;equallyused;equallyused;0.20599668;0.21744094
Asp;GAU;1.027884;1.099495;1.123944;0.928023;None;equallyused;equallyused;0.6496161;0.62177541
Ser;UCU;1.07113;1.40707;1.726912;2.176242;None;equallyused;equallyused;0.69639744;0.67463502
Pro;CCG;1.036982;0.794335;0.836171;0.537951;None;equallyused;equallyused;0.11834922;0.10221069
Tyr;UAC;0.820827;0.849145;1.097255;1.46001;None;equallyused;equallyused;0.8322057;0.6716046
Asp;GAC;0.620287;0.891631;0.884973;0.732988;None;equallyused;equallyused;0.2198964;0.24188604
Leu;CUU;0.894811;1.108499;1.383461;1.59222;None;equallyused;equallyused;0.4139772;0.4458216
Pro;CCU;1.069133;1.229223;1.306557;1.772502;None;equallyused;equallyused;0.54947562;0.69127578
Thr;ACU;0.979165;0.831844;0.799601;1.013725;None;equallyused;equallyused;0.3041175;0.39535275
Phe;UUU;1.254081;1.45126;1.225468;1.079788;None;equallyused;equallyused;0.56148976;0.63707492
His;CAC;0.609372;0.64853;0.762579;0.823344;None;equallyused;equallyused;0.27993696;0.35403792
Lys;AAG;0.793639;1.451157;1.58078;2.442647;None;equallyused;equallyused;1.14804409;1.24574997
Cys;UGU;0.654264;0.881925;0.975416;0.88164;None;equallyused;equallyused;0.5906988;0.5466168
Ile;AUC;1.223305;1.097218;1.121274;1.320139;None;equallyused;equallyused;0.43564587;0.54125699
Gln;CAA;1.734326;1.508288;1.356156;1.385078;None;equallyused;equallyused;0.88644992;0.88644992
Val;GUC;0.694481;0.676856;0.734463;0.895895;MEG and PEG;Underused;Underused;0.09854845;0.11646635
Val;GUA;0.764515;0.719545;0.468802;0.320551;MEG and PEG;Overused;Overused;0.07372673;0.0320551
Gly;GGU;1.158149;1.105812;1.163195;1.453484;MEG;Overused;Overused;0.69767232;0.39244068
Leu;CUA;0.674913;0.877658;0.74541;0.464587;MEG;Underused;Overused;0.02322935;0.04181283
Pro;CCC;1.468882;1.083116;0.622105;0.51766;MEG;Overused;Overused;0.1138852;0.0569426
Ser;UCA;0.89995;1.209875;1.627653;1.527831;MEG;Underused;Overused;0.16806141;0.29028789
Ile;AUA;0.792638;0.786369;0.620441;0.243809;MEG;Underused;Overused;0.03657135;0.0487618
Leu;UUA;1.459008;1.022769;0.899226;0.514989;MEG;Overused;Overused;0.04634901;0.06694857
Ile;AUU;1.132562;0.783437;0.792729;0.782475;MEG;Overused;Overused;0.39906225;0.30516525
Thr;ACG;0.501757;0.553283;0.513637;0.230112;MEG;Overused;Overused;0.057528;0.03221568
Arg;AGA;0.808032;1.175478;1.511002;1.794382;MEG;Overused;Overused;0.4485955;0.55625842
Ser;UCC;2.178256;1.441785;1.260763;1.401957;MEG;Overused;Overused;0.32245011;0.22431312
Thr;ACC;1.172183;0.875213;0.770601;0.86331;MEG;Underused;Overused;0.0949641;0.1985613
Gly;GGA;1.704801;1.621551;1.7502;2.544636;MEG;Underused;Overused;0.636159;0.96696168
Val;GUG;0.607432;0.705351;0.880408;0.890438;MEG;Overused;Overused;0.30274892;0.24932264
Tyr;UAU;1.283358;1.066362;0.725359;0.473723;MEG;Overused;Overused;0.20370089;0.25581042
